{
    "optimizers": {
        "emonavi": {
            "hyperparameters": {
                "Ackley": {
                    "lr": 0.27600701325302596
                },
                "Cross-in-Tray": {
                    "lr": 0.14155018818849233
                },
                "Drop-Wave": {
                    "lr": 0.18015495828332645
                },
                "EggHolder": {
                    "lr": 0.5261798459827939
                },
                "Goldstein-Price": {
                    "lr": 0.07820352183667792
                },
                "Gramacy & Lee 2D": {
                    "lr": 0.04928607650102947
                },
                "Griewank": {
                    "lr": 0.38672415660653287
                },
                "Langermann": {
                    "lr": 0.11753813134708258
                },
                "Langermann 2": {
                    "lr": 0.18443373375593722
                },
                "Lévy": {
                    "lr": 0.29970039007714494
                },
                "Lévy 13": {
                    "lr": 0.1830512139172235
                },
                "MixedMichalewiczSphere": {
                    "lr": 0.14800125095174138
                },
                "Rastrigin": {
                    "lr": 0.20574978204297356
                },
                "Rosenbrock": {
                    "lr": 0.13690593155872255
                },
                "Schaffer 2": {
                    "lr": 0.25251622145359187
                },
                "Schaffer 4": {
                    "lr": 0.17090903331133409
                },
                "SchwefelSin": {
                    "lr": 0.730218677222882
                },
                "Shubert": {
                    "lr": 0.1474483226021643
                },
                "Styblinski-Tang": {
                    "lr": 0.2837484059208363
                },
                "Weierstrass": {
                    "lr": 0.13281843909711016
                }
            },
            "error_rates": {
                "Ackley": 1.5531641596499197,
                "Cross-in-Tray": 2.9703048395226674,
                "Drop-Wave": 2.4035849571525283,
                "EggHolder": 4.099565064984241,
                "Goldstein-Price": 2.249430133663748,
                "Gramacy & Lee 2D": 2.8234807369825354,
                "Griewank": 0.4523790200024902,
                "Langermann": 2.230352698852651,
                "Langermann 2": 1.1631745954392472,
                "Lévy": 0.5526538472921485,
                "Lévy 13": 0.6314591796937599,
                "MixedMichalewiczSphere": 0.6492179661235392,
                "Rastrigin": 1.191754794765525,
                "Rosenbrock": 2.4214762775407292,
                "Schaffer 2": 4.937816074568259,
                "Schaffer 4": 1.7596293519541644,
                "SchwefelSin": 5.244519113997375,
                "Shubert": 0.8035553065144864,
                "Styblinski-Tang": 2.4434554638778567,
                "Weierstrass": 1.1420492620423195
            },
            "metrics": {
                "Ackley": {
                    "val_penalty": 0.021404609900426464,
                    "dist_penalty": 0.003302102189340794,
                    "bound_penalty": 0.0,
                    "speed_penalty": 0.030666666666666665,
                    "eff_penalty": 0.3958871364593506,
                    "stag_penalty": 0.0,
                    "jump_penalty": 0.0,
                    "prox_penalty": 0.0
                },
                "Cross-in-Tray": {
                    "val_penalty": 0.6622408972014491,
                    "dist_penalty": 0.1639266564506414,
                    "bound_penalty": 0.0,
                    "speed_penalty": 0.1,
                    "eff_penalty": 0.11240124702453613,
                    "stag_penalty": 0.0,
                    "jump_penalty": 0.0,
                    "prox_penalty": 0.0
                },
                "Drop-Wave": {
                    "val_penalty": 0.19201842059686147,
                    "dist_penalty": 0.08103717576733187,
                    "bound_penalty": 0.0,
                    "speed_penalty": 0.1,
                    "eff_penalty": 0.2280069351196289,
                    "stag_penalty": 0.0,
                    "jump_penalty": 0.1784767508506775,
                    "prox_penalty": 0.0
                },
                "EggHolder": {
                    "val_penalty": 0.5854789921994769,
                    "dist_penalty": 0.40062777889223106,
                    "bound_penalty": 0.0,
                    "speed_penalty": 0.1,
                    "eff_penalty": 0.3215683460235596,
                    "stag_penalty": 0.0,
                    "jump_penalty": 0.26487407088279724,
                    "prox_penalty": 0.0
                },
                "Goldstein-Price": {
                    "val_penalty": 0.0002366624824029604,
                    "dist_penalty": 0.31396787350134436,
                    "bound_penalty": 0.19108606206977635,
                    "speed_penalty": 0.1,
                    "eff_penalty": 0.08007800579071045,
                    "stag_penalty": 0.0,
                    "jump_penalty": 0.029591450467705727,
                    "prox_penalty": 0.0
                },
                "Gramacy & Lee 2D": {
                    "val_penalty": 0.1850611671753065,
                    "dist_penalty": 0.5613226406703195,
                    "bound_penalty": 0.0,
                    "speed_penalty": 0.1,
                    "eff_penalty": 0.120721173286438,
                    "stag_penalty": 0.0,
                    "jump_penalty": 0.0009408985497429967,
                    "prox_penalty": 0.0
                },
                "Griewank": {
                    "val_penalty": 0.0058991446389673775,
                    "dist_penalty": 0.06381609714415976,
                    "bound_penalty": 0.0,
                    "speed_penalty": 0.0245,
                    "eff_penalty": 0.02036263942718506,
                    "stag_penalty": 0.0,
                    "jump_penalty": 0.0,
                    "prox_penalty": 0.0
                },
                "Langermann": {
                    "val_penalty": 0.14178631918548362,
                    "dist_penalty": 0.29562675019878343,
                    "bound_penalty": 0.001124614217472721,
                    "speed_penalty": 0.1,
                    "eff_penalty": 0.15769813060760499,
                    "stag_penalty": 0.0,
                    "jump_penalty": 0.010896953754127026,
                    "prox_penalty": 0.0
                },
                "Langermann 2": {
                    "val_penalty": 0.0486384472221828,
                    "dist_penalty": 0.06830906917123626,
                    "bound_penalty": 0.0,
                    "speed_penalty": 0.008666666666666668,
                    "eff_penalty": 0.19608356952667239,
                    "stag_penalty": 0.0,
                    "jump_penalty": 0.0,
                    "prox_penalty": 0.0
                },
                "Lévy": {
                    "val_penalty": 0.0,
                    "dist_penalty": 0.00037477174600694863,
                    "bound_penalty": 0.0,
                    "speed_penalty": 0.03133333333333334,
                    "eff_penalty": 0.10999443531036378,
                    "stag_penalty": 0.0,
                    "jump_penalty": 0.0,
                    "prox_penalty": 0.0
                },
                "Lévy 13": {
                    "val_penalty": 4.6353232550093865e-06,
                    "dist_penalty": 0.0035263086193382106,
                    "bound_penalty": 0.0,
                    "speed_penalty": 0.018,
                    "eff_penalty": 0.14195113182067873,
                    "stag_penalty": 0.0,
                    "jump_penalty": 0.0,
                    "prox_penalty": 0.0
                },